timestamp,object_id,pos_x,pos_y,vel_x,vel_y,active
1758679024.566931,0,0.7997500130205621,0.019997916731769868,-0.009998958365884934,0.3998750065102811,True
1758679024.6261609,0,0.7990002083159731,0.03998333541654267,-0.019991667708271335,0.39950010415798654,True
1758679024.6859689,0,0.797751054489766,0.059943765818193884,-0.029971882909096942,0.398875527244883,True
1758679024.746461,0,0.7960033322224207,0.07986673331746252,-0.03993336665873126,0.39800166611121035,True
1758679024.802363,0,0.7937581337834633,0.09973978670818216,-0.04986989335409108,0.39687906689173164,True
1758679024.866432,0,0.7910168623488338,0.11955050597887938,-0.05977525298943969,0.3955084311744169,True
1758679025.2613492,0,0.7581205811318527,0.25544702868560076,-0.12772351434280038,0.3790602905659263,True
1758679025.316651,0,0.7514981702779031,0.2743182459643611,-0.13715912298218055,0.37574908513895156,True
1758679025.377986,0,0.7444060975298514,0.29301802326883813,-0.14650901163441907,0.3722030487649257,True
1758679025.544419,0,0.7203576818821416,0.3479724272889843,-0.17398621364449215,0.3601788409410708,True
1758679025.61164,0,0.7114341772985346,0.3658707577431645,-0.18293537887158226,0.3557170886492673,True
1758679025.6957178,0,0.7020660495122981,0.38354043088336254,-0.19177021544168127,0.35103302475614906,True
1758679026.021871,0,0.6368670388392446,0.48414912458883186,-0.24207456229441593,0.3184335194196223,True
1758679026.083912,0,0.6245655609059574,0.4999178533821601,-0.24995892669108005,0.3122827804529787,True
1758679026.2501178,0,0.5853510950990566,0.5453110080186676,-0.2726555040093338,0.2926755475495283,True
1758679026.3099709,0,0.571536827244745,0.5597728602772831,-0.27988643013864156,0.2857684136223725,True
1758679026.6495402,0,0.46534647157110653,0.6507324038314993,-0.32536620191574966,0.23267323578555327,True
1758679026.725651,0,0.44893444283947287,0.6621615105338063,-0.33108075526690317,0.22446722141973643,True
1758679026.891499,0,0.39805683831338146,0.6939385804752136,-0.3469692902376068,0.19902841915669073,True
1758679027.2129102,0,0.2898862035813391,0.745631268773781,-0.3728156343868905,0.14494310179066955,True
1758679027.272537,0,0.2711567788288941,0.7526446713390976,-0.3763223356695488,0.13557838941444705,True
1758679027.334896,0,0.2522578899162153,0.759187695484469,-0.3795938477422345,0.12612894495810764,True
1758679027.397312,0,0.2332013480336876,0.7652562520327887,-0.38262812601639434,0.1166006740168438,True
1758679027.558524,0,0.1752053496744339,0.7805786862613271,-0.39028934313066355,0.08760267483721695,True
1758679027.857546,0,0.0765198996372503,0.7963320318557487,-0.3981660159278744,0.03825994981862515,True
1758679028.0214999,0,0.01663586224247519,0.7998270113514856,-0.3999135056757428,0.008317931121237595,True
1758679028.3335319,0,-0.10307559543641814,0.7933318483619751,-0.39666592418098756,-0.05153779771820907,True
1758679028.390395,0,-0.12287461629572674,0.7905073236031264,-0.3952536618015632,-0.06143730814786337,True
1758679028.555725,0,-0.18176167575446778,0.7790781047025566,-0.3895390523512783,-0.09088083787723389,True
1758679028.841773,0,-0.277474865665336,0.7503383896109833,-0.37516919480549166,-0.138737432832668,True
1758679028.9894888,0,-0.3329174692377117,0.7274379414605464,-0.3637189707302732,-0.16645873461885585,True
1758679029.268716,0,-0.4210130677634416,0.6802558318547631,-0.34012791592738156,-0.2105065338817208,True
1758679029.426007,0,-0.4708008938042741,0.6467971230556739,-0.32339856152783697,-0.23540044690213704,True
1758679029.70542,0,-0.547766807433382,0.5830536207539064,-0.2915268103769532,-0.273883403716691,True
1758679029.861568,0,-0.589914972432994,0.5403705444409235,-0.27018527222046174,-0.294957486216497,True
1758679030.144191,0,-0.6526828130690728,0.4626069017256895,-0.23130345086284476,-0.3263414065345364,True
1758679030.302581,0,-0.6855110026951556,0.412401097457175,-0.2062005487285875,-0.3427555013475778,True
1758679030.5789828,0,-0.7315784146074202,0.3237175053661659,-0.16185875268308295,-0.3657892073037101,True
1758679030.744899,0,-0.7468432640850748,0.2867492613604285,-0.14337463068021425,-0.3734216320425374,True
1758679031.0252008,0,-0.7813082933845581,0.17192251361735456,-0.08596125680867728,-0.39065414669227905,True
1758679031.191623,0,-0.7919939972803557,0.11289600644789906,-0.05644800322394953,-0.39599699864017784,True
1758679031.477261,0,-0.7998898760653492,0.013273513783484008,-0.006636756891742004,-0.3999449380326746,True
1758679031.643175,0,-0.7986358206358029,-0.046699314742058046,0.023349657371029023,-0.3993179103179014,True
1758679031.920012,0,-0.7865823735858856,-0.14590465915793913,0.07295232957896956,-0.3932911867929428,True
1758679032.082369,0,-0.7734385540635705,-0.2044328816214588,0.1022164408107294,-0.38671927703178527,True
1758679032.367975,0,-0.741916314075771,-0.29926607376751235,0.14963303688375618,-0.3709581570378855,True
1758679032.42401,0,-0.726032042116652,-0.3359724301485527,0.16798621507427636,-0.363016021058326,True
1758679032.4875672,0,-0.7174067330673207,-0.35401635463587566,0.17700817731793783,-0.35870336653366036,True
1758679032.5530958,0,-0.7083330681624197,-0.37183903042528094,0.18591951521264047,-0.35416653408120985,True
1758679032.616431,0,-0.6988167181471537,-0.38942931892455335,0.19471465946227667,-0.34940835907357687,True
1758679032.6857421,0,-0.6888636304305121,-0.4067762267759695,0.20338811338798474,-0.34443181521525607,True
1758679032.747908,0,-0.6784800253683305,-0.42386891272678845,0.21193445636339422,-0.33924001268416526,True
1758679032.81469,0,-0.6676723923757718,-0.44069669440468173,0.22034834720234087,-0.3338361961878859,True
1758679032.88008,0,-0.6564474858716528,-0.457249054993869,0.2286245274969345,-0.3282237429358264,True
1758679032.97403,0,-0.6327741695315381,-0.4894863127541693,0.24474315637708466,-0.31638708476576904,True
1758679033.032871,0,-0.620340554747655,-0.5051510626885504,0.2525755313442752,-0.3101702773738275,True
1758679033.092352,0,-0.6075192473100115,-0.520500109652128,0.260250054826064,-0.30375962365500575,True
1758679033.1602361,0,-0.5943182601184043,-0.535523860990183,0.2677619304950915,-0.29715913005920214,True
1758679033.224273,0,-0.5807458433601175,-0.5502129273471733,0.27510646367358665,-0.29037292168005874,True
1758679033.2848582,0,-0.566810479353824,-0.5645581285347756,0.2822790642673878,-0.283405239676912,True
1758679033.34673,0,-0.5525208772484119,-0.578550499269204,0.289275249634602,-0.27626043862420596,True
1758679033.417918,0,-0.5229148966908957,-0.6054419962463373,0.30272099812316866,-0.2614574483454479,True
1758679033.47663,0,-0.5076170210129238,-0.6183243161787874,0.3091621580893937,-0.2538085105064619,True
1758679033.541095,0,-0.4920019012204658,-0.6308202035409511,0.31541010177047557,-0.2460009506102329,True
1758679033.602529,0,-0.47607929625509815,-0.642921848809986,0.321460924404993,-0.23803964812754907,True
1758679033.663713,0,-0.45985915722662124,-0.6546216888515242,0.3273108444257621,-0.22992957861331062,True
1758679033.725547,0,-0.44335162119393934,-0.6659124116463859,0.33295620582319296,-0.22167581059696967,True
1758679033.790856,0,-0.42656700482972953,-0.6767869608603534,0.3383934804301767,-0.21328350241486477,True
1758679033.852233,0,-0.39220865707256514,-0.6972606179308674,0.3486303089654337,-0.19610432853628257,True
1758679033.913244,0,-0.37465639852854626,-0.7068469304181911,0.35342346520909557,-0.18732819926427313,True
1758679034.071955,0,-0.3206393376639849,-0.732932749399562,0.366466374699781,-0.16031966883199245,True
1758679034.357274,0,-0.22675940773146933,-0.7671897881262976,0.3835948940631488,-0.11337970386573466,True
1758679034.944303,0,-0.009910930770313159,-0.7999386060512808,0.3999693030256404,-0.004955465385156579,True
1758679035.106117,0,0.05005609624634838,-0.7984324562720233,0.39921622813601165,0.02502804812317419,True
1758679035.4023008,0,0.16881027541437366,-0.781986630905237,0.3909933154526185,0.08440513770718683,True
1758679035.563895,0,0.20768234872087254,-0.7725723539124228,0.3862861769562114,0.10384117436043627,True
1758679035.840394,0,0.30238219417038814,-0.7406517458621844,0.3703258729310922,0.15119109708519407,True
1758679035.9964612,0,0.3570289613314452,-0.7159122297953776,0.3579561148976888,0.1785144806657226,True
1758679036.2749262,0,0.443499468943334,-0.6658139537791175,0.3329069768895587,0.221749734471667,True
1758679036.44138,0,0.49214195592377197,-0.6307109442680728,0.3153554721340364,0.24607097796188598,True
1758679036.731495,0,0.5669358194330141,-0.5644322604563076,0.2822161302281538,0.28346790971650704,True
1758679036.787348,0,0.5808679978983825,-0.5500839654248474,0.2750419827124237,0.29043399894919125,True
1758679036.8526561,0,0.607634803777167,-0.5203652037162783,0.26018260185813913,0.3038174018885835,True
1758679036.9461708,0,0.6204527028082061,-0.5050133102978496,0.2525066551489248,0.31022635140410304,True
1758679037.114996,0,0.6565489969172966,-0.4571032866288447,0.22855164331442235,0.3282744984586483,True
1758679037.406967,0,0.7084156135530608,-0.3716817435309952,0.1858408717654976,0.3542078067765304,True
1758679038.0052228,0,0.7866147507540705,-0.14573000341766135,0.07286500170883067,0.39330737537703525,True
1758679038.175242,0,0.7953229401110214,-0.08637951686112115,0.043189758430560575,0.3976614700555107,True
1758679038.468426,0,0.7998869091067319,0.013451120387497531,-0.0067255601937487655,0.39994345455336594,True
1758679038.633431,0,0.796630393002443,0.0733485987921606,-0.0366742993960803,0.3983151965012215,True
1758679038.918056,0,0.7767240147825824,0.1915719312948191,-0.09578596564740954,0.3883620073912912,True
1758679039.0977201,0,0.7601860735668171,0.24923309081072254,-0.12461654540536127,0.38009303678340856,True
1758679039.39469,0,0.7231817797056154,0.34206448734386175,-0.17103224367193087,0.3615908898528077,True
1758679039.5643132,0,0.6955179922798487,0.39529068091090697,-0.19764534045545348,0.34775899613992434,True
1758679039.85976,0,0.640808569203859,0.47892001172941506,-0.23946000586470753,0.3204042846019295,True
1758679040.026552,0,0.603121803474627,0.5255892789750506,-0.2627946394875253,0.3015609017373135,True
1758679040.318837,0,0.5328883432363212,0.5966825065668079,-0.29834125328340394,0.2664441716181606,True
1758679040.3820622,0,0.5178063154501583,0.6098168738891465,-0.30490843694457326,0.25890315772507916,True
1758679040.450262,0,0.5024006755721623,0.6225701255157005,-0.31128506275785023,0.25120033778608114,True
1758679040.518552,0,0.4866810516257816,0.6349342910793394,-0.3174671455396697,0.2433405258128908,True
1758679040.583254,0,0.47065726786428697,0.6469016433790572,-0.3234508216895286,0.23532863393214348,True
1758679040.651839,0,0.4543393386309325,0.6584647032092206,-0.3292323516046103,0.22716966931546625,True
1758679040.718654,0,0.43773746210031766,0.6696162440338295,-0.33480812201691473,0.21886873105015883,True
1758679040.8929532,0,0.38633275332472417,0.7005333708743202,-0.3502666854371601,0.19316637666236208,True
1758679040.952241,0,0.36870052060393355,0.709971778387274,-0.354985889193637,0.18435026030196677,True
1758679041.0167072,0,0.3508378620594855,0.7189664766493147,-0.35948323832465734,0.17541893102974274,True
1758679041.085378,0,0.33275594127151564,0.7275118442668186,-0.3637559221334093,0.16637797063575782,True
1758679041.1518211,0,0.3144660588519246,0.7356025406631885,-0.36780127033159427,0.1572330294259623,True
1758679041.220136,0,0.2959796453818631,0.7432335094165404,-0.3716167547082702,0.14798982269093156,True
1758679041.2894561,0,0.2773082542679914,0.750399981419802,-0.375199990709901,0.1386541271339957,True
1758679041.36863,0,0.23945732346773518,0.7633218130236215,-0.3816609065118107,0.11972866173386759,True
1758679041.4745028,0,0.201007874065773,0.7743357376251974,-0.3871678688125987,0.1005039370328865,True
1758679041.7814689,0,0.10289944210371016,0.7933547156315045,-0.39667735781575225,0.05144972105185508,True
1758679042.400148,0,-0.1361487577668318,0.7883295730584694,-0.3941647865292347,-0.0680743788834159,True
1758679042.467644,0,-0.15581239994496535,0.7846798684963124,-0.3923399342481562,-0.07790619997248267,True
1758679042.5377312,0,-0.17537866444504582,0.7805397645587777,-0.39026988227938886,-0.08768933222252291,True
1758679042.608819,0,-0.19483532298867012,0.7759118486760598,-0.3879559243380299,-0.09741766149433506,True
1758679042.679722,0,-0.23337125919317792,0.7652044533211961,-0.38260222666059807,-0.11668562959658896,True
1758679042.746868,0,-0.25242645314833245,0.7591316656226065,-0.37956583281130324,-0.12621322657416623,True
1758679042.8170738,0,-0.27132388878710506,0.7525844453438051,-0.37629222267190254,-0.13566194439355253,True
1758679042.883363,0,-0.29005175582735954,0.745566884284345,-0.3727834421421725,-0.14502587791367977,True
1758679042.9565492,0,-0.3085983499618141,0.7380833681914569,-0.36904168409572846,-0.15429917498090706,True
1758679043.0309849,0,-0.32695208017285254,0.7301385740191,-0.36506928700955,-0.16347604008642627,True
1758679043.103101,0,-0.32695208017285254,0.7301385740191,-0.36506928700955,-0.16347604008642627,True
1758679043.1855302,0,-0.36303519459126515,0.7128852975676258,-0.3564426487838129,-0.18151759729563258,True
1758679043.253535,0,-0.380742028026684,0.7035875980246723,-0.35179379901233615,-0.190371014013342,True
1758679043.439797,0,-0.4323913056942953,0.6730807966061598,-0.3365403983030799,-0.21619565284714765,True
1758679043.501972,0,-0.44908145760409246,0.6620618131535633,-0.33103090657678164,-0.22454072880204623,True
1758679043.569441,0,-0.48160952214789293,0.6387896900987666,-0.3193948450493833,-0.24080476107394647,True
1758679043.6373498,0,-0.49742710580039057,0.6265510948159353,-0.31327554740796765,-0.24871355290019528,True
1758679043.707114,0,-0.5129338137037142,0.6139209254939626,-0.3069604627469813,-0.2564669068518571,True
1758679043.7739289,0,-0.5429760378560423,0.5875176782992608,-0.2937588391496304,-0.27148801892802116,True
1758679044.102296,0,-0.6246765468846278,0.4997791630033184,-0.2498895815016592,-0.3123382734423139,True
1758679044.168262,0,-0.6369745232382936,0.48400770318802633,-0.24200385159401316,-0.3184872616191468,True
1758679044.236345,0,-0.6488744112493514,0.4679337543133724,-0.2339668771566862,-0.3244372056246757,True
1758679044.304822,0,-0.6603687738751522,0.451567362074174,-0.225783681037087,-0.3301843869375761,True
1758679044.37621,0,-0.682112446490732,0.41799833772687234,-0.20899916886343617,-0.341056223245366,True
1758679044.442223,0,-0.6923481673929133,0.4008166851662671,-0.20040834258313356,-0.34617408369645664,True
1758679044.508047,0,-0.7021511932273798,0.3833845352245795,-0.19169226761228975,-0.3510755966136899,True
1758679044.584783,0,-0.7115153974220871,0.3657127824280817,-0.18285639121404085,-0.35575769871104357,True
1758679044.655883,0,-0.7204349276542317,0.3478124710470314,-0.1739062355235157,-0.36021746382711584,True
1758679044.728174,0,-0.7369179499572053,0.311371056829099,-0.1556855284145495,-0.36845897497860264,True
1758679044.825788,0,-0.7444711406756405,0.2928527286898839,-0.14642636434494194,-0.37223557033782023,True
1758679044.894005,0,-0.7515590611647353,0.27415137712800547,-0.13707568856400273,-0.3757795305823676,True
1758679044.961681,0,-0.764321666123746,0.23624646175936911,-0.11812323087968456,-0.382160833061873,True
1758679045.031632,0,-0.7699883743810034,0.21706658729085834,-0.10853329364542917,-0.3849941871905017,True
1758679045.097803,0,-0.7751738649684762,0.1977510532711132,-0.0988755266355566,-0.3875869324842381,True
1758679045.171233,0,-0.7798748971233422,0.17831193128014824,-0.08915596564007412,-0.3899374485616711,True
1758679045.24112,0,-0.7840885328535301,0.15876137013643715,-0.07938068506821858,-0.39204426642676504,True
1758679045.308021,0,-0.7878121387738678,0.13911158830429646,-0.06955579415214823,-0.3939060693869339,True
1758679045.378922,0,-0.7937802603620892,0.0995635388055986,-0.0497817694027993,-0.3968901301810446,True
1758679045.44294,0,-0.7960210461482509,0.07968998738263354,-0.03984499369131677,-0.39801052307412543,True
1758679045.5112598,0,-0.7977643446921735,0.05976663231157539,-0.029883316155787695,-0.39888217234608675,True
1758679045.579991,0,-0.7990090664890139,0.039805925040810375,-0.019902962520405187,-0.39950453324450697,True
1758679045.6491652,0,-0.7997544336281666,0.01982034036263365,-0.009910170181316826,-0.3998772168140833,True
1758679045.716414,0,-0.7997455529841466,-0.020175492114980962,0.010087746057490481,-0.3998727764920733,True
1758679045.786338,0,-0.7989913107510875,-0.04016074382104088,0.02008037191052044,-0.39949565537554377,True
1758679045.8570461,0,-0.7977377249570988,-0.0601208963695013,0.03006044818475065,-0.3988688624785494,True
1758679045.9309518,0,-0.7959855790524958,-0.08004347531475044,0.04002173765737522,-0.3979927895262479,True
1758679046.008188,0,-0.7909902979475487,-0.1197261398060092,0.0598630699030046,-0.39549514897377436,True
1758679046.079267,0,-0.787750284635292,-0.1394614249784383,0.06973071248921915,-0.393875142317646,True
1758679046.150702,0,-0.7840179530375168,-0.15910955129992121,0.07955477564996061,-0.3920089765187584,True
1758679046.224171,0,-0.7797956357399791,-0.17865823933108116,0.08932911966554058,-0.38989781786998956,True
1758679046.2940931,0,-0.7750859715535476,-0.19809527177823585,0.09904763588911793,-0.3875429857767738,True
1758679046.3664901,0,-0.7642166787976655,-0.23658585724312814,0.11829292862156407,-0.38210833939883276,True
1758679046.4333389,0,-0.7580638431823764,-0.25561535489787274,0.12780767744893637,-0.3790319215911882,True
1758679046.622704,0,-0.7367796041197157,-0.31169827550564855,0.15584913775282427,-0.36838980205985783,True
1758679046.9237518,0,-0.6819267551799353,-0.41830120794681513,0.20915060397340757,-0.34096337758996764,True
1758679047.5497339,0,-0.5427150803790303,-0.5877587443238789,0.29387937216193943,-0.27135754018951513,True
1758679047.618447,0,-0.5126611340759467,-0.6141486478109061,0.30707432390545303,-0.25633056703797336,True
1758679047.69118,0,-0.49714881891565343,-0.6267719296927479,0.31338596484637393,-0.24857440945782672,True
1758679047.7930582,0,-0.4652019719788347,-0.650835712962191,0.3254178564810955,-0.23260098598941736,True
1758679047.983243,0,-0.4151272751661382,-0.6838635429770602,0.3419317714885301,-0.2075636375830691,True
1758679048.311326,0,-0.3082705526174021,-0.738220337290271,0.3691101686451355,-0.15413527630870105,True
1758679048.3817742,0,-0.2897206370434914,-0.745695616502547,0.3728478082512735,-0.1448603185217457,True
1758679048.456762,0,-0.27098965550224224,-0.7527048602279489,0.37635243011397446,-0.13549482775112112,True
1758679048.528882,0,-0.23303142537701116,-0.7653080130161702,0.3826540065080851,-0.11651571268850558,True
1758679048.6060271,0,-0.21382789945126374,-0.7708940455187472,0.3854470227593736,-0.10691394972563187,True
1758679048.679428,0,-0.19449073804875783,-0.7759982943365594,0.3879991471682797,-0.09724536902437891,True
1758679048.7505112,0,-0.15546392516420093,-0.7847489840532065,0.39237449202660324,-0.07773196258210047,True
1758679048.82362,0,-0.13579866416982517,-0.7883899560558159,0.3941949780279079,-0.06789933208491258,True
1758679048.898335,0,-0.09622587613588464,-0.7941917783267978,0.3970958891633989,-0.04811293806794232,True
1758679048.9744031,0,-0.07634308080069122,-0.7963490026451087,0.39817450132255433,-0.03817154040034561,True
1758679049.049869,0,-0.056412573525071924,-0.7980085347590453,0.39900426737952266,-0.028206286762535962,True
1758679049.121071,0,-0.03644681022730799,-0.7991693375150568,0.3995846687575284,-0.018223405113653994,True
1758679049.194104,0,0.003540558390511683,-0.7999921652405625,0.39999608262028125,0.0017702791952558415,True
1758679049.265732,0,0.023537172906826314,-0.7996536759695125,0.39982683798475627,0.011768586453413157,True
1758679049.341054,0,0.04351907745624223,-0.7988154291808325,0.39940771459041624,0.021759538728121114,True
1758679049.9771578,0,0.27764146338282125,-0.7502767608094,0.3751383804047,0.13882073169141063,True
1758679050.0541718,0,0.314792693078382,-0.735462820531711,0.3677314102658555,0.157396346539191,True
1758679050.129379,0,0.3330789807906497,-0.7273640027905299,0.36368200139526496,0.16653949039532484,True
1758679050.2013912,0,0.35115710498211206,-0.7188106062243252,0.3594053031121626,0.17557855249105603,True
1758679050.2821078,0,0.36901576741361786,-0.7098079764275256,0.3549039882137628,0.18450788370680893,True
1758679050.3631418,0,0.4040302067977486,-0.6904777997843006,0.3452388998921503,0.2020151033988743,True
1758679050.442378,0,0.4211641008655277,-0.6801623336690527,0.3400811668345263,0.21058205043276385,True
1758679050.5210361,0,0.438034781079749,-0.6694217882355014,0.3347108941177507,0.2190173905398745,True
1758679050.5990279,0,0.4709444965331542,-0.6466925708442413,0.3233462854221206,0.2354722482665771,True
1758679050.721607,0,0.5026770960083788,-0.6223469588168509,0.31117347940842544,0.2513385480041894,True
1758679050.797516,0,0.5180770709231614,-0.6095868671351751,0.30479343356758754,0.2590385354615807,True
1758679051.1488059,0,0.616298275074592,-0.510074931887544,0.255037465943772,0.308149137537296,True
1758679051.222879,0,0.6288562369128816,-0.49450968978956295,0.24725484489478147,0.3144281184564408,True
1758679051.301514,0,0.6527855138597226,-0.46246196913356885,0.23123098456678443,0.3263927569298613,True
1758679051.374141,0,0.6641418739491138,-0.44599951935776744,0.22299975967888372,0.3320709369745569,True
1758679051.446353,0,0.675083166986038,-0.42925833440027844,0.21462916720013922,0.337541583493019,True
1758679051.521517,0,0.6856025550185016,-0.41224887695675116,0.20612443847837558,0.3428012775092508,True
1758679051.596746,0,0.7053495867552514,-0.377467827058408,0.188733913529204,0.3526747933776257,True
1758679051.676864,0,0.7145648892074958,-0.3597179716276063,0.17985898581380316,0.3572824446037479,True
1758679051.752331,0,0.7233336118640766,-0.34174330417386284,0.17087165208693142,0.3616668059320383,True
1758679051.8276548,0,0.7395096796481047,-0.3051646010053553,0.15258230050267765,0.36975483982405233,True
1758679051.90275,0,0.7469069152597404,-0.2865834257893834,0.1432917128946917,0.3734534576298702,True
1758679051.976044,0,0.7538373583622084,-0.26782314526098633,0.13391157263049316,0.3769186791811042,True
1758679052.050826,0,0.7662808362713136,-0.22981227113306257,0.11490613556653129,0.3831404181356568,True
1758679052.123747,0,0.7717860943093102,-0.2105854330925585,0.10529271654627925,0.3858930471546551,True
1758679052.2013838,0,0.7768090111610855,-0.19122698601122337,0.09561349300561169,0.38840450558054274,True
1758679052.282203,0,0.7853955680772671,-0.1521637330134452,0.0760818665067226,0.39269778403863353,True
1758679052.354878,0,0.7889538418231052,-0.13248334035856205,0.06624167017928102,0.3944769209115526,True
1758679052.43056,0,0.7920190450993603,-0.11272014992847366,0.05636007496423683,0.39600952254968014,True
1758679052.509175,0,0.794589262253761,-0.09288651307387925,0.04644325653693963,0.3972946311268805,True
1758679052.5851798,0,0.79666288698425,-0.07299482517220018,0.03649741258610009,0.398331443492125,True
1758679052.665836,0,0.7993154865456903,-0.0330870513679663,0.01654352568398315,0.39965774327284515,True
1758679052.74233,0,0.7998928035882614,-0.013095906524984997,0.006547953262492499,0.3999464017941307,True
1758679052.8152251,0,0.7995476684008009,0.02689843777699883,-0.013449218888499415,0.39977383420040047,True
1758679052.8883798,0,0.7986254318690267,0.04687664207268472,-0.02343832103634236,0.39931271593451334,True
1758679053.002686,0,0.795284502408241,0.08673269411978674,-0.04336634705989337,0.3976422512041205,True
1758679053.081266,0,0.7928678974513905,0.10658563313604391,-0.053292816568021956,0.39643394872569526,True
1758679053.16286,0,0.789955775867597,0.12637195960110317,-0.06318597980055159,0.3949778879337985,True
1758679053.802778,0,0.7173281098643263,0.354175638346955,-0.1770878191734775,0.35866405493216313,True
1758679054.168923,0,0.6447071661123034,0.47365881176585634,-0.23682940588292817,0.3223535830561517,True
1758679054.2525382,0,0.6326654687697519,0.48962680137667114,-0.24481340068833557,0.31633273438487597,True
1758679054.334956,0,0.6074036608912272,0.5206349899266617,-0.26031749496333084,0.3037018304456136,True
1758679054.414782,0,0.5941993381628708,0.5356558097573537,-0.26782790487867686,0.2970996690814354,True
1758679054.499854,0,0.5666851113299984,0.5646839687798011,-0.28234198438990055,0.2833425556649992,True
1758679055.167688,0,0.37449944154559867,0.7069301014117554,-0.3534650507058777,0.18724972077279933,True
1758679055.257598,0,0.3386996355604397,0.7247637938468129,-0.36238189692340644,0.16934981778021985,True
1758679055.3335412,0,0.3204765899374636,0.7330039258435489,-0.36650196292177445,0.1602382949687318,True
1758679055.413981,0,0.30205325687773993,0.7407859542469404,-0.3703929771234702,0.15102662843886996,True
1758679055.496514,0,0.26465190235914104,0.7549565355553178,-0.3774782677776589,0.13232595117957052,True
1758679055.5772831,0,0.24569725552937333,0.7613362323082581,-0.38066811615412904,0.12284862776468666,True
1758679055.657961,0,0.2073392455118547,0.7726645049894391,-0.38633225249471953,0.10366962275592735,True
1758679055.7375722,0,0.18795985483175764,0.7776060011160052,-0.3888030005580026,0.09397992741587882,True
1758679055.8218722,0,0.14886085200134533,0.7860282735000272,-0.3930141367500136,0.07443042600067266,True
1758679055.9046059,0,0.1291656754550716,0.7895037861113999,-0.39475189305569997,0.0645828377275358,True
1758679055.988827,0,0.10938977456616271,0.7924858845559106,-0.3962429422779553,0.054694887283081355,True
1758679056.070466,0,0.069645279663658,0.7969626936190746,-0.3984813468095373,0.034822639831829,True
1758679056.152341,0,0.04970152466563708,0.7984546063777898,-0.3992273031888949,0.02485076233281854,True
1758679056.236547,0,0.029726707832554617,0.7994475109983381,-0.39972375549916905,0.014863353916277309,True
1758679056.3139598,0,-0.010266165286759978,0.7999341259443211,-0.39996706297216056,-0.005133082643379989,True
1758679056.434679,0,-0.030259227329116758,0.7994275321512544,-0.3997137660756272,-0.015129613664558379,True
1758679056.516761,0,-0.05023337833937319,0.7984213221730827,-0.39921066108654135,-0.025116689169686596,True
1758679056.8780491,0,-0.18847779020820685,0.7774806252236973,-0.38874031261184866,-0.09423889510410342,True
1758679056.960023,0,-0.20785388497111035,0.7725262212393935,-0.38626311061969676,-0.10392694248555517,True
1758679057.601217,0,-0.42686750927139033,0.6765974649142867,-0.33829873245714337,-0.21343375463569517,True
1758679057.6799428,0,-0.44364729482766496,0.665715463086216,-0.332857731543108,-0.22182364741383248,True
1758679057.761931,0,-0.4763647570483472,0.642710368861643,-0.3213551844308215,-0.2381823785241736,True
1758679057.842089,0,-0.4922819863638663,0.6306016539001831,-0.31530082695009154,-0.24614099318193314,True
1758679057.925951,0,-0.5078915554623782,0.6180988334320054,-0.3090494167160027,-0.2539457777311891,True
1758679058.0077162,0,-0.5381488894925621,0.5919423728184376,-0.2959711864092188,-0.26907444474628106,True
1758679058.088885,0,-0.5527777445753839,0.5783050796095014,-0.2891525398047507,-0.27638887228769193,True
1758679058.167985,0,-0.5809901237991036,0.5499549763825239,-0.27497748819126194,-0.2904950618995518,True
1758679058.247798,0,-0.5945560161213392,0.5352598842561638,-0.2676299421280819,-0.2972780080606696,True
1758679058.603796,0,-0.6786681895166776,0.42356757257627137,-0.21178378628813568,-0.3393340947583388,True
1758679059.2666051,0,-0.7735292620368769,0.20408939407202134,-0.10204469703601067,-0.38676463101843844,True
1758679059.3533041,0,-0.7827627702551326,0.1651739855501177,-0.08258699277505885,-0.3913813851275663,True
1758679059.4378738,0,-0.7866470891410493,0.1455553404925911,-0.07277767024629556,-0.39332354457052465,True
1758679059.526155,0,-0.7929387201192957,0.1060574661943859,-0.05302873309719295,-0.39646936005964784,True
1758679059.6075299,0,-0.7953421001470655,0.08620292183943234,-0.04310146091971617,-0.39767105007353276,True
1758679059.82539,0,-0.7999746346794729,0.006370547028624824,-0.003185273514312412,-0.39998731733973647,True
1758679059.898035,0,-0.799293269343782,-0.03361948217519758,0.01680974108759879,-0.399646634671891,True
1758679059.975362,0,-0.7982031036997905,-0.053589226939950135,0.026794613469975068,-0.39910155184989526,True
1758679060.3796558,0,-0.7766814591518747,-0.1917443897737685,0.09587219488688425,-0.38834072957593735,True
1758679060.46226,0,-0.7661275842586709,-0.23032265333217472,0.11516132666608736,-0.38306379212933545,True
1758679060.538988,0,-0.7601307153043838,-0.24940187579656647,0.12470093789828324,-0.3800653576521919,True
1758679060.615255,0,-0.7467158512776048,-0.28708089008285126,0.14354044504142563,-0.3733579256388024,True
1758679060.823884,0,-0.7231058101436606,-0.34222505363646344,0.17111252681823172,-0.3615529050718303,True
1758679061.1667352,0,-0.6524773149583064,-0.46289669848120446,0.23144834924060223,-0.3262386574791532,True
1758679061.809509,0,-0.48654005930836414,-0.6350423377131745,0.31752116885658727,-0.24327002965418207,True
1758679062.017173,0,-0.4375887702353076,-0.6697134224158504,0.3348567112079252,-0.2187943851176538,True
1758679062.3693671,0,-0.3143027184792311,-0.7356723463312762,0.3678361731656381,-0.15715135923961554,True
1758679062.5845308,0,-0.23928783017820598,-0.7633749631266447,0.38168748156332233,-0.11964391508910299,True
1758679062.9385312,0,-0.12252355691553968,-0.7905618116256088,0.3952809058128044,-0.06126177845776984,True
1758679063.161349,0,-0.04298696275055511,-0.798844240783823,0.3994221203919115,-0.021493481375277554,True
1758679063.520722,0,0.09675487994284421,-0.7941275043764987,0.39706375218824935,0.048377439971422104,True
1758679063.598374,0,0.11657576525127639,-0.7914607324157524,0.3957303662078762,0.05828788262563819,True
1758679063.6796238,0,0.15598662581695444,-0.7846452526882716,0.3923226263441358,0.07799331290847722,True
1758679063.765414,0,0.1755519705692257,-0.780500804374513,0.3902504021872565,0.08777598528461285,True
1758679063.858613,0,0.2143413581365958,-0.7707514399546456,0.3853757199773228,0.1071706790682979,True
1758679063.943098,0,0.23354115884711413,-0.7651526168839436,0.3825763084419718,0.11677057942355706,True
1758679064.028264,0,0.2714909853686404,-0.752524182245039,0.3762620911225195,0.1357454926843202,True
1758679064.1133819,0,0.29021729377339256,-0.7455024630374124,0.3727512315187062,0.14510864688669628,True
1758679064.20821,0,0.3271141915191506,-0.7300659598329267,0.36503297991646333,0.1635570957595753,True
1758679064.542732,0,0.43254074537653997,-0.6729847721821849,0.33649238609109244,0.21627037268826999,True
1758679064.6627688,0,0.4656354019217326,-0.650525689329166,0.325262844664583,0.2328177009608663,True
1758679064.741631,0,0.49756621246035054,-0.6264406310400543,0.31322031552002716,0.24878310623017527,True
1758679065.386105,0,0.6604690232654057,-0.4514207231694631,0.22571036158473154,0.33023451163270284,True
1758679065.589047,0,0.6924371473536898,-0.4006629468327269,0.20033147341636345,0.3462185736768449,True
1758679065.934286,0,0.7445361471179153,-0.2926874196729511,0.14634370983647554,0.37226807355895764,True
1758679066.140001,0,0.7700365526978721,-0.2168956143152213,0.10844780715761065,0.38501827634893604,True
1758679066.474062,0,0.793802347806209,-0.09938728599448994,0.04969364299724497,0.3969011739031045,True
1758679066.6819048,0,0.7997588148067393,-0.01964276301643278,0.00982138150821639,0.39987940740336964,True
1758679067.0128279,0,0.7937137632271093,0.100092267752611,-0.0500461338763055,0.39685688161355465,True
1758679067.227632,0,0.7797559473797993,0.17883138014854083,-0.08941569007427042,0.3898779736898996,True
1758679067.5699148,0,0.7442759011406922,0.2933485690798758,-0.1466742845399379,0.3721379505703461,True
1758679067.7840772,0,0.7112716318313449,0.36618665425159325,-0.18309332712579662,0.35563581591567245,True
1758679068.119746,0,0.648562568363097,0.46836587719246076,-0.23418293859623038,0.3242812841815485,True
1758679068.332465,0,0.5985638912037867,0.5307742157895213,-0.26538710789476067,0.29928194560189336,True
1758679068.6685061,0,0.49700963870476533,0.6268823007826578,-0.3134411503913289,0.24850481935238267,True
1758679068.8755991,0,0.44864034691827526,0.6623608073527976,-0.3311804036763988,0.22432017345913763,True
1758679069.219902,0,0.34462063735348164,0.7219671850645847,-0.36098359253229234,0.17231031867674082,True
1758679069.4236338,0,0.2708225188155961,0.752765012007317,-0.3763825060036585,0.13541125940779805,True
1758679069.759323,0,0.15528967627281787,0.7847834837986102,-0.3923917418993051,0.07764483813640893,True
1758679070.010276,0,0.07616625820051852,0.7963659341733121,-0.39818296708665607,0.03808312910025926,True
1758679070.348139,0,-0.043696444745164584,0.7988057465470768,-0.3994028732735384,-0.021848222372582292,True
1758679070.552591,0,-0.12322565144419029,0.790452679688136,-0.395226339844068,-0.061612825722095144,True
1758679070.884076,0,-0.23996573246918373,0.763162136928011,-0.3815810684640055,-0.11998286623459187,True
1758679071.0886762,0,-0.31495598691584387,0.7353929060752944,-0.3676964530376472,-0.15747799345792193,True
1758679071.163646,0,-0.3332404759220966,0.7272900282605383,-0.3636450141302692,-0.1666202379610483,True
1758679071.243335,0,-0.3513167004783438,0.7187326178524318,-0.3593663089262159,-0.1756583502391719,True
1758679071.323623,0,-0.3867993052518487,0.7002758723936497,-0.3501379361968249,-0.19339965262592435,True
1758679071.408024,0,-0.40418350999613156,0.6903880722080931,-0.34519403610404653,-0.20209175499806578,True
1758679071.485544,0,-0.42131511320340814,0.6800688019505081,-0.34003440097525406,-0.21065755660170407,True
1758679071.828543,0,-0.5332856857562375,0.5963274078620734,-0.2981637039310367,-0.26664284287811874,True
1758679071.90237,0,-0.5480256749681595,0.5828103118302673,-0.29140515591513366,-0.27401283748407973,True
1758679071.982118,0,-0.5764691608052365,0.5546920827274412,-0.2773460413637206,-0.28823458040261823,True
1758679072.062815,0,-0.5901548811776188,0.5401085226343226,-0.2700542613171613,-0.2950774405888094,True
1758679072.143877,0,-0.603471773959636,0.525187412295849,-0.2625937061479245,-0.301735886979818,True
1758679072.21925,0,-0.628966021961161,0.4943700468458343,-0.24718502342291715,-0.3144830109805805,True
1758679072.435251,0,-0.6751784625341751,0.42910842887315503,-0.21455421443657752,-0.33758923126708756,True
1758679072.5058508,0,-0.6856940735405188,0.4120966361321208,-0.2060483180660604,-0.3428470367702594,True
1758679072.841919,0,-0.7395774199312486,0.30500039332407036,-0.15250019666203518,-0.3697887099656243,True
1758679073.0541801,0,-0.7663318447213351,0.229642121062308,-0.114821060531154,-0.38316592236066754,True
1758679073.388253,0,-0.7920440538706567,0.11254428785209963,-0.05627214392604982,-0.39602202693532834,True
1758679073.615629,0,-0.7993228134653556,0.03290957115838072,-0.01645478557919036,-0.3996614067326778,True
1758679073.942552,0,-0.7952652247434258,-0.08690927633911406,0.04345463816955703,-0.3976326123717129,True
1758679074.150537,0,-0.7826157611252378,-0.1658691364852569,0.08293456824262845,-0.3913078805626189,True
1758679074.483419,0,-0.7490406557461746,-0.2809592426658016,0.1404796213329008,-0.3745203278730873,True
1758679074.698281,0,-0.7172494512961973,-0.3543349045963493,0.17716745229817465,-0.35862472564809866,True
1758679075.035469,0,-0.6562443666940904,-0.4575405240875089,0.22877026204375445,-0.3281221833470452,True
1758679075.2501729,0,-0.6072880445268267,-0.5207698445328638,0.2603849222664319,-0.30364402226341336,True
1758679075.589094,0,-0.5226459813889089,-0.6056741517829733,0.3028370758914867,-0.26132299069445447,True
1758679075.7994409,0,-0.45956840850062586,-0.6548258378440804,0.3274129189220402,-0.22978420425031293,True
1758679076.1308732,0,-0.35655200035564216,-0.7161498942556581,0.35807494712782906,-0.17827600017782108,True
1758679076.340897,0,-0.2832750347172732,-0.7481679321555608,0.3740839660777804,-0.1416375173586366,True
1758679076.681458,0,-0.2071676785702867,-0.7727105233888034,0.3863552616944017,-0.10358383928514335,True
1758679076.879592,0,-0.12899037145955586,-0.7895324464964856,0.3947662232482428,-0.06449518572977793,True
1758679077.213181,0,-0.009555694299695673,-0.7999429284058025,0.39997146420290125,-0.004777847149847836,True
1758679077.417782,0,0.07035308003489509,-0.7969005233588466,0.3984502616794233,0.03517654001744754,True
1758679077.7449028,0,0.18865041676019711,-0.7774387565951443,0.38871937829757214,0.09432520838009856,True
1758679077.953559,0,0.24637334457963203,-0.7611177143390147,0.3805588571695073,0.12318667228981602,True
1758679078.2809448,0,0.3573468473181014,-0.7157536103379525,0.35787680516897624,0.1786734236590507,True
1758679078.4871502,0,0.42701772992781806,-0.6765026669033117,0.33825133345165587,0.21350886496390903,True
1758679078.854482,0,0.5382803106544924,-0.591822868062483,0.2959114340312415,0.2691401553272462,True
1758679079.058493,0,0.5946748501567692,-0.5351278563026075,0.26756392815130375,0.2973374250783846,True
1758679079.392399,0,0.6679658000914217,-0.4402518482734934,0.2201259241367467,0.33398290004571085,True
1758679079.6021261,0,0.7085805995524553,-0.37136711477712053,0.18568355738856027,0.35429029977622767,True
1758679079.9321542,0,0.7561204113184479,-0.26130810088403567,0.13065405044201783,0.37806020565922394,True
1758679080.1392682,0,0.7784302392223359,-0.1845165647421848,0.0922582823710924,0.38921511961116795,True
1758679080.4678469,0,0.7972631175793959,-0.06611748140682944,0.03305874070341472,0.39863155878969797,True
1758679080.677536,0,0.7998808568829703,0.013806331596960717,-0.006903165798480358,0.39994042844148514,True
1758679081.007146,0,0.7888358646704199,0.13318400282943596,-0.06659200141471798,0.39441793233520994,True
1758679081.213991,0,0.7715987570225985,0.21127081710728768,-0.10563540855364384,0.38579937851129925,True
1758679081.544436,0,0.7313626183606634,0.32420475083600264,-0.16210237541800132,0.3656813091803317,True
1758679081.7503638,0,0.6953423836284137,0.3955995064834585,-0.19779975324172924,0.34767119181420686,True
1758679082.0767202,0,0.6284167867385224,0.4950680176957814,-0.2475340088478907,0.3142083933692612,True
1758679082.282083,0,0.5758529886563236,0.5553317346015624,-0.2776658673007812,0.2879264943281618,True
1758679082.6157289,0,0.48639904300422804,0.6351503530382167,-0.3175751765191083,0.24319952150211402,True
1758679082.821128,0,0.43744005679696524,0.6698105677797774,-0.3349052838898887,0.21872002839848262,True
1758679083.149,0,0.332432836131454,0.727659542273444,-0.363829771136722,0.166216418065727,True
1758679083.355965,0,0.25812731836516345,0.7572121813029751,-0.37860609065148754,0.12906365918258172,True
1758679083.683311,0,0.1420724525644923,0.7872835691301515,-0.39364178456507576,0.07103622628224615,True
1758679083.923991,0,0.06276547349676675,0.7975340088903587,-0.3987670044451794,0.03138273674838338,True
1758679084.2572339,0,-0.07705033347624636,0.7962808839292824,-0.3981404419646412,-0.03852516673812318,True
1758679084.4592588,0,-0.13649882451402784,0.7882690345981431,-0.39413451729907156,-0.06824941225701392,True
1758679084.7847831,0,-0.252763542268845,0.7590194936229938,-0.3795097468114969,-0.1263817711344225,True
1758679084.991285,0,-0.3272762867378538,0.7299933096536448,-0.3649966548268224,-0.1636381433689269,True
1758679085.323126,0,-0.4326901637335498,0.6728887145793381,-0.33644435728966904,-0.2163450818667749,True
1758679085.528213,0,-0.4977052945892571,0.6263301363800251,-0.31316506819001255,-0.24885264729462855,True
1758679085.859334,0,-0.5857142065180562,0.5449209743466698,-0.2724604871733349,-0.2928571032590281,True
1758679086.059533,0,-0.6371893978195237,0.48372478880701675,-0.24186239440350837,-0.31859469890976183,True
1758679086.3843288,0,-0.7023213768019315,0.3830726872109774,-0.1915363436054887,-0.35116068840096576,True
1758679086.584076,0,-0.7290505479849564,0.3293710650358269,-0.16468553251791346,-0.3645252739924782,True
1758679086.906811,0,-0.7700846930507401,0.21672463064669742,-0.10836231532334871,-0.38504234652537006,True
1758679087.1104891,0,-0.7878738375513172,0.13876172419713076,-0.06938086209856538,-0.3939369187756586,True
1758679087.437762,0,-0.7997631565560579,0.01946518470219086,-0.00973259235109543,-0.39988157827802895,True
1758679087.6452549,0,-0.7977109479036611,-0.06047514857065284,0.03023757428532642,-0.3988554739518306,True
1758679087.976904,0,-0.7797162205766248,-0.17900451214900778,0.08950225607450389,-0.3898581102883124,True
1758679088.1812181,0,-0.7641115407638975,-0.23692520607023357,0.11846260303511678,-0.38205577038194877,True
1758679088.512338,0,-0.7111903064958851,-0.36634457542904747,0.18317228771452373,-0.35559515324794255,True
1758679088.714729,0,-0.6817409293896364,-0.4186039956748559,0.20930199783742795,-0.3408704646948182,True
1758679089.0751302,0,-0.6115303142660774,-0.5157816153505597,0.25789080767527983,-0.3057651571330387,True
1758679089.275863,0,-0.5569829689844639,-0.5742560163039232,0.2871280081519616,-0.27849148449223193,True
1758679089.610417,0,-0.46491290399660407,-0.6510422349567226,0.3255211174783613,-0.23245645199830203,True
1758679089.816471,0,-0.39759450527101126,-0.6942035792030317,0.34710178960151583,-0.19879725263550563,True
1758679090.1481721,0,-0.28938946112568226,-0.7458242016651023,0.37291210083255116,-0.14469473056284113,True
1758679090.3529012,0,-0.21348554093750144,-0.7709889258676953,0.38549446293384765,-0.10674277046875072,True
1758679090.682912,0,-0.09587318319704452,-0.7942344318547679,0.39711721592738397,-0.04793659159852226,True
1758679090.8906088,0,-0.016103079668913188,-0.7998379153460885,0.39991895767304425,-0.008051539834456594,True
1758679091.2251031,0,0.1036040249085682,-0.7932630118836658,0.3966315059418329,0.0518020124542841,True
1758679091.432668,0,0.18228059309948907,-0.7789568572002551,0.38947842860012755,0.09114029654974454,True
1758679091.768287,0,0.2966396365433068,-0.7429703399406029,0.37148516997030145,0.1483198182716534,True
1758679091.972619,0,0.36933094145067163,-0.7096440344899411,0.35482201724497053,0.18466547072533582,True
1758679092.3027132,0,0.47123163232851567,-0.6464833707784003,0.3232416853892002,0.23561581616425784,True
1758679092.509856,0,0.5334180806877987,-0.5962089828200721,0.29810449141003603,0.26670904034389936,True
1758679092.845921,0,0.616524727588861,-0.509801196812523,0.2549005984062615,0.3082623637944305,True
1758679093.0557811,0,0.6643398672362506,-0.4457045442897357,0.22285227214486786,0.3321699336181253,True
1758679093.404177,0,0.7234853013767265,-0.34142205361081657,0.17071102680540828,0.36174265068836325,True
1758679093.624962,0,0.7539562185178135,-0.26748835593034537,0.13374417796517268,0.37697810925890674,True
1758679093.9520168,0,0.7890125970259022,-0.13213296989942103,0.06606648494971051,0.3945062985129511,True
1758679094.20249,0,0.7982621063343566,-0.05270303208200164,0.02635151604100082,0.3991310531671783,True
1758679094.5353012,0,0.7971743260457484,0.06717956455282255,-0.033589782276411274,0.3985871630228742,True
1758679094.744797,0,0.786485009410069,0.1464285831838976,-0.0732142915919488,0.3932425047050345,True
1758679095.076975,0,0.7557716165231779,0.26231519906010525,-0.13115759953005263,0.37788580826158896,True
1758679095.282254,0,0.7258080838789076,0.3364559783627403,-0.16822798918137016,0.3629040419394538,True
1758679095.613139,0,0.6673786884055389,0.4411413449928522,-0.2205706724964261,0.33368934420276947,True
1758679095.850697,0,0.6200039270864844,0.5055641704050411,-0.25278208520252055,0.3100019635432422,True
1758679096.185869,0,0.5374913858389938,0.5925394587273306,-0.2962697293636653,0.2687456929194969,True
1758679096.394756,0,0.47565092904804934,0.6432388309918234,-0.3216194154959117,0.23782546452402467,True
1758679096.727073,0,0.3741854721982065,0.7070963388363748,-0.3535481694181874,0.18709273609910326,True
1758679096.934251,0,0.301724260019246,0.740920016544187,-0.3704600082720935,0.150862130009623,True
1758679097.277278,0,0.1876145182340197,0.7776893933620393,-0.3888446966810197,0.09380725911700985,True
1758679097.481521,0,0.12881506110474247,0.7895610679564827,-0.39478053397824137,0.06440753055237124,True
1758679097.8039958,0,0.009378075353662866,0.7999450304256294,-0.3999725152128147,0.004689037676831433,True
1758679098.009613,0,-0.07053002147785119,0.7968848825710863,-0.3984424412855431,-0.035265010738925594,True
1758679098.3403049,0,-0.18882303401136707,0.7773968496377781,-0.38869842481888905,-0.09441151700568354,True
1758679098.542618,0,-0.26548988893156017,0.7546622548366309,-0.3773311274183154,-0.13274494446578008,True
1758679098.886971,0,-0.392827779143613,0.6969120001356677,-0.34845600006783384,-0.1964138895718065,True
1758679099.0948648,0,-0.44394288097088674,0.6655183832436705,-0.33275919162183526,-0.22197144048544337,True
1758679099.457883,0,-0.553034502890797,0.5780595459053757,-0.28902977295268784,-0.2765172514453985,True
1758679099.66682,0,-0.6079812934118501,0.5199603320074079,-0.25998016600370394,-0.30399064670592507,True
1758679099.998243,0,-0.6788562198273204,0.42326614889660275,-0.21163307444830137,-0.3394281099136602,True
1758679100.201688,0,-0.7086630401530082,0.37120977293317037,-0.18560488646658518,-0.3543315200765041,True
1758679100.531762,0,-0.7561784133286024,0.261140206050002,-0.130570103025001,-0.3780892066643012,True
1758679100.738367,0,-0.7784711899491152,0.18434371814414655,-0.09217185907207327,-0.3892355949745576,True
1758679101.0698931,0,-0.7972777786008405,0.06594045608963621,-0.032970228044818105,-0.39863888930042024,True
1758679101.278324,0,-0.7998777716181266,-0.013983936184789976,0.006991968092394988,-0.3999388858090633,True
1758679101.6119611,0,-0.7888062731518506,-0.1333591520529738,0.0666795760264869,-0.3944031365759253,True
1758679101.810098,0,-0.7715518275929565,-0.21144213709185058,0.10572106854592529,-0.38577591379647824,True
1758679102.13042,0,-0.7312906141593808,-0.3243671340354871,0.16218356701774356,-0.3656453070796904,True
1758679102.329545,0,-0.7049300888279675,-0.3782506706735547,0.18912533533677736,-0.35246504441398374,True
1758679102.6635761,0,-0.6404894099676411,-0.47934675937081606,0.23967337968540803,-0.32024470498382057,True
1758679102.736921,0,-0.6283068467270154,-0.4952075386703587,0.24760376933517936,-0.3141534233635077,True
1758679102.818601,0,-0.6027715653772265,-0.5259909124430651,0.26299545622153253,-0.30138578268861327,True
1758679102.901215,0,-0.5894348059876975,-0.5408942683096628,0.2704471341548314,-0.29471740299384874,True
1758679102.987436,0,-0.5616647197726826,-0.5696777532629075,0.28483887663145374,-0.2808323598863413,True
1758679103.074655,0,-0.5472487483471257,-0.5835398936084014,0.2917699468042007,-0.27362437417356283,True
1758679103.159271,0,-0.5173999907936649,-0.6101616585190481,0.30508082925952407,-0.25869999539683247,True
1758679103.243526,0,-0.5019858591676131,-0.6229046453477077,0.31145232267385387,-0.25099292958380653,True
1758679103.3223732,0,-0.4702262508489213,-0.6472150129690808,0.3236075064845404,-0.23511312542446064,True
1758679103.719384,0,-0.3503588679700467,-0.7192000164312758,0.3596000082156379,-0.17517943398502334,True
1758679104.36614,0,-0.12217247337393018,-0.7906161437446724,0.3953080718723362,-0.06108623668696509,True
1758679104.451774,0,-0.08250545151896617,-0.7957341581644284,0.3978670790822142,-0.041252725759483085,True
1758679104.5344179,0,-0.06258838811370528,-0.7975479256278761,0.39877396281393807,-0.03129419405685264,True
1758679104.615144,0,-0.022649386149832647,-0.7996793140422201,0.3998396570211101,-0.011324693074916323,True
1758679104.694251,0,-0.002652408167377678,-0.7999956029447373,0.39999780147236863,-0.001326204083688839,True
1758679105.057495,0,0.13667384779734124,-0.7882387070730981,0.39411935353654903,0.06833692389867062,True
1758679105.13642,0,0.15633505448037355,-0.7845759050216994,0.3922879525108497,0.07816752724018677,True
1758679105.2182138,0,0.17589855684328132,-0.7804227685687105,0.39021138428435526,0.08794927842164066,True
1758679105.296682,0,0.2146836111033108,-0.7706561795792223,0.38532808978961114,0.1073418055516554,True
1758679105.375678,0,0.233880923604028,-0.7650488308429253,0.38252441542146265,0.116940461802014,True
1758679105.454988,0,0.2718251383679692,-0.7524035447492485,0.37620177237462427,0.1359125691839846,True
1758679105.545177,0,0.2905483267321031,-0.7453735102840556,0.3726867551420278,0.14527416336605156,True
1758679105.624195,0,0.3274383658213742,-0.7299206234846554,0.3649603117423277,0.1637191829106871,True
1758679105.7069561,0,0.34558216147290305,-0.7215074287016846,0.3607537143508423,0.17279108073645152,True
1758679105.787532,0,0.3812106156680486,-0.70333382294753,0.351666911473765,0.1906053078340243,True
1758679105.8704178,0,0.3986730075875495,-0.6935847698883661,0.3467923849441831,0.19933650379377474,True
1758679105.951176,0,0.4158862418546749,-0.683402248925181,0.3417011244625905,0.20794312092733744,True
1758679106.031986,0,0.4495223690260324,-0.6617625251895303,0.33088126259476514,0.2247611845130162,True
1758679106.122612,0,0.46592424044568564,-0.650318846539996,0.325159423269998,0.23296212022284282,True
1758679106.203727,0,0.49784435218058837,-0.6262196108410295,0.31310980542051475,0.24892217609029418,True
1758679106.289691,0,0.513342643465048,-0.6135791150294448,0.3067895575147224,0.256671321732524,True
1758679106.366345,0,0.5433672732835649,-0.5871558620369755,0.2935779310184877,0.27168363664178247,True
1758679106.445648,0,0.5578748474013296,-0.5733896185290969,0.28669480926454843,0.2789374237006648,True
1758679107.130935,0,0.7117588473039527,-0.3652387483339476,0.1826193741669738,0.35587942365197633,True
1758679107.4870179,0,0.758347159137262,-0.25477359798151034,0.12738679899075517,0.379173579568631,True
1758679108.131476,0,0.7997674588759178,-0.019287605428284865,0.009643802714142433,0.3998837294379589,True
1758679108.347701,0,0.7976975003842024,0.060652270203147465,-0.030326135101573733,0.3988487501921012,True
1758679108.703875,0,0.7796764553323333,0.17917763532430098,-0.08958881766215049,0.38983822766616666,True
1758679108.920701,0,0.7578934051037552,0.25612025788725723,-0.12806012894362861,0.3789467025518776,True
1758679109.265148,0,0.7111089460977325,0.3665024785451966,-0.1832512392725983,0.3555544730488662,True
1758679109.4707,0,0.6709671686910156,0.4356639284342489,-0.21783196421712445,0.3354835843455078,True
1758679109.808404,0,0.5983281267949885,0.5310399727760616,-0.2655199863880308,0.29916406339749424,True
1758679110.024318,0,0.5568554478917526,0.5743796742166941,-0.28718983710834706,0.2784277239458763,True
1758679110.36357,0,0.46476833562075426,0.6511454478104826,-0.3255727239052413,0.23238416781037713,True
1758679110.5841632,0,0.39744035504304054,0.6942918436675329,-0.34714592183376647,0.19872017752152027,True
1758679110.916111,0,0.28922385176186866,0.7458884390926225,-0.37294421954631124,0.14461192588093433,True
1758679111.119648,0,0.23252158850894844,0.7654630695711422,-0.3827315347855711,0.11626079425447422,True
1758679111.4552839,0,0.1155212501191803,0.7916153363666609,-0.39580766818333046,0.05776062505959015,True
1758679111.667105,0,0.035914461347201686,0.7991934380775034,-0.3995967190387517,0.017957230673600843,True
1758679112.007186,0,-0.08391879421168547,0.7955863472798266,-0.3977931736399133,-0.04195939710584273,True
1758679112.2241879,0,-0.18245354758556645,0.7789163645561965,-0.38945818227809825,-0.09122677379278323,True
1758679112.617697,0,-0.31528252799890794,0.7352529683983723,-0.36762648419918614,-0.15764126399945397,True
1758679112.6998699,0,-0.3335634168888735,0.727141971635127,-0.3635709858175635,-0.16678170844443674,True
1758679112.782312,0,-0.35163583950124144,0.7185765348091024,-0.3592882674045512,-0.17581791975062072,True
1758679112.8666182,0,-0.38711024453322707,0.7001040341102351,-0.35005201705511757,-0.19355512226661353,True
1758679112.952147,0,-0.40449005660444143,0.6902085149490231,-0.34510425747451157,-0.20224502830222071,True
1758679113.0355022,0,-0.4384805975615594,0.6691298570248213,-0.33456492851241065,-0.2192402987807797,True
1758679113.117982,0,-0.4550700834658046,0.6579598917368944,-0.3289799458684472,-0.2275350417329023,True
1758679113.341578,0,-0.5030915407745373,0.6220119786636766,-0.3110059893318383,-0.25154577038726866,True
1758679113.6933482,0,-0.6037049388652954,0.5249193717035502,-0.2624596858517751,-0.3018524694326477,True
1758679114.341919,0,-0.7318656379697281,0.3230676213413577,-0.16153381067067885,-0.36593281898486407,True
1758679114.559187,0,-0.7604623026502092,0.24838898173619067,-0.12419449086809534,-0.3802311513251046,True
1758679114.9165199,0,-0.7890419162788463,0.13195777489411561,-0.06597888744705781,-0.3945209581394232,True
1758679115.132591,0,-0.7982737887971997,0.05252578528079193,-0.026262892640395965,-0.39913689439859984,True
1758679115.4826272,0,-0.7971593898961671,-0.06735656686894535,0.033678283434472676,-0.39857969494808354,True
1758679115.702676,0,-0.7864524771330496,-0.14660321009885943,0.07330160504942972,-0.3932262385665248,True
1758679116.051289,0,-0.75571335362851,-0.2624830035403258,0.1312415017701629,-0.377856676814255,True
1758679116.2698119,0,-0.7257333595614428,-0.3366171279356736,0.1683085639678368,-0.3628666797807214,True
1758679116.6094038,0,-0.6672807212703833,-0.44128951836733815,0.22064475918366908,-0.33364036063519165,True
1758679116.8278642,0,-0.6070567219834386,-0.5210394767143102,0.2605197383571551,-0.3035283609917193,True
1758679117.1724548,0,-0.5223769630186823,-0.6059061878767854,0.3029530939383927,-0.26118848150934115,True
1758679117.385474,0,-0.4592775691456833,-0.6550298577008777,0.32751492885043887,-0.22963878457284165,True
1758679117.7660658,0,-0.3382167824690092,-0.724989246855642,0.362494623427821,-0.1691083912345046,True
1758679117.970541,0,-0.26414895377779096,-0.7551326573643193,0.37756632868215967,-0.13207447688889548,True
1758679118.3047092,0,-0.14833723167620075,-0.786127257954233,0.3930636289771165,-0.07416861583810037,True
1758679118.524112,0,-0.06911439330286227,-0.7970089087572217,0.3985044543786109,-0.03455719665143114,True
1758679118.860862,0,0.05076520972252693,-0.7983876836987328,0.3991938418493664,0.025382604861263466,True
1758679119.068352,0,0.13021736539751397,-0.7893310064535223,0.39466550322676114,0.06510868269875698,True
1758679119.407158,0,0.24671131625800574,-0.7610082301987556,0.3805041150993778,0.12335565812900287,True
1758679119.61599,0,0.3214528390150336,-0.7325763252311495,0.36628816261557473,0.1607264195075168,True
1758679119.9523358,0,0.4273181080754051,-0.676312970828489,0.3381564854142445,0.21365905403770255,True
1758679120.161885,0,0.4767927720785924,-0.6423929113039866,0.3211964556519933,0.2383963860392962,True
1758679120.502389,0,0.567436900179805,-0.5639285099321847,0.28196425496609234,0.2837184500899025,True
1758679120.7169821,0,0.6209009891024392,-0.5044620518251227,0.25223102591256136,0.3104504945512196,True
1758679121.047439,0,0.6893148072149166,-0.406011202498481,0.2030056012492405,0.3446574036074583,True
1758679121.26614,0,0.7264045899089699,-0.33516618528601794,0.16758309264300897,0.36320229495448497,True
1758679121.6220438,0,0.7736650379702141,-0.20357408730618723,0.10178704365309361,0.38683251898510707,True
1758679121.705054,0,0.7785121022961592,-0.1841708624577041,0.09208543122885204,0.3892560511480796,True
1758679121.7902,0,0.7867438715984216,-0.14503130869686828,0.07251565434843414,0.3933719357992108,True
1758679121.87652,0,0.7901234319868807,-0.12531944073156873,0.06265972036578436,0.39506171599344037,True
1758679121.963104,0,0.795399344982291,-0.08567311131120647,0.04283655565560324,0.3976996724911455,True
1758679122.046239,0,0.7972924003153586,-0.06576342752148776,0.03288171376074388,0.3986462001576793,True
1758679122.250589,0,0.7999787007337548,-0.005837668398751668,0.002918834199375834,0.3999893503668774,True
1758679122.338836,0,0.7998746469181732,0.014161540083188491,-0.0070807700415942455,0.3999373234590866,True
1758679122.695926,0,0.7851921532481989,0.15320992943493217,-0.07660496471746608,0.39259607662409945,True
1758679123.3512478,0,0.7048460849639353,0.3784071834823079,-0.18920359174115395,0.35242304248196765,True
1758679123.568764,0,0.6635471084082853,0.44688391660810894,-0.22344195830405447,0.3317735542041427,True
1758679123.936322,0,0.5756063210221033,0.5555874037443608,-0.2777937018721804,0.28780316051105165,True
1758679124.1617138,0,0.5172644982156165,0.6102765265727879,-0.30513826328639393,0.25863224910780824,True
1758679124.514126,0,0.40310996956759126,0.6910154502145489,-0.34550772510727445,0.20155498478379563,True
1758679124.73279,0,0.33210966543419107,0.7278070967812761,-0.36390354839063804,0.16605483271709554,True
1758679125.0850601,0,0.21961829854032403,0.7692644557928392,-0.3846322278964196,0.10980914927016201,True
1758679125.3001332,0,0.14172282289213783,0.7873465828156516,-0.3936732914078258,0.07086141144606892,True
1758679125.642092,0,0.022471825413763732,0.7996843233817787,-0.3998421616908894,0.011235912706881866,True
